id,name,gender,course_id
1,Shuna,1,1
2,Tae,1,1
3,Takiah,1,1
4,Tamasha,1,1
5,Taron,1,1
6,Tiffanyann,1,2
7,Tine,1,2
8,Tyronza,1,2
9,Vandella,1,2
10,Winna,1,2
11,Yehudit,1,3
12,Yeny,1,3
13,Zalea,1,3
14,Zanita,1,3
15,Arieon,0,3
16,Armarion,0,4
17,Arsal,0,4
18,Avyon,0,4
19,Benney,0,4
20,Canuto,0,4
21,Chamberlain,0,5
22,Cheo,0,5
23,Christopherjame,0,5
24,Cylan,0,5
25,Darcey,0,5
26,Elisah,0,6
27,Eliyohu,0,6
28,Gianlucca,0,6
29,Gurnie,0,6
30,Halvor,0,6
31,Harim,0,7
32,Harinder,0,7
33,Harshith,0,7
34,Iley,0,7
35,Jagjit,0,7
36,Kensington,0,8
37,Keval,0,8
38,Kohler,0,8
39,Laquon,0,8
40,Lavontay,0,8
41,Mubashir,0,9
42,Naheim,0,9
43,Nesta,0,9
44,Quill,0,9
45,Rachard,0,9
46,Reason,0,10
47,Reilley,0,10
48,Rett,0,10
49,Sade,0,10
50,Saliou,0,10
51,Shivaan,0,11
52,Spyridon,0,11
53,Tayo,0,11
54,Tildon,0,11
55,Tirth,0,11
56,Trellis,0,12
57,Vega,0,12
58,Aarilyn,1,12
59,Addilynne,1,12
60,Ahja,1,12
61,Ahmira,1,13
62,Akyah,1,13
63,Aliviyah,1,13
64,Arelie,1,13
65,Aricela,1,13
66,Armiyah,1,14
67,Arvada,1,14
68,Audris,1,14
69,Aylyn,1,14
70,Bernis,1,14
71,Breely,1,15
72,Brendolyn,1,15
73,Capucine,1,15
74,Chairty,1,15
75,Champayne,1,15
76,Charmon,1,16
77,Christiona,1,16
78,Christionna,1,16
79,Cierah,1,16
80,Dachelle,1,16
81,Daysie,1,17
82,Deslyn,1,17
83,Dewayne,1,17
84,Deysha,1,17
85,Durenda,1,17
86,Duru,1,18
87,Elveta,1,18
88,Emelynn,1,18
89,Emmogene,1,18
90,Euva,1,18
91,Eyla,1,19
92,Fantasy,1,19
93,Felicite,1,19
94,Filippa,1,19
95,Hayzlee,1,19
96,Hinley,1,20
97,Hue,1,20
98,Ikeya,1,20
99,Izzah,1,20
100,Jacqeline,1,20
101,Jadamarie,1,21
102,Jalexus,1,21
103,Jaquayla,1,21
104,Jhordyn,1,21
105,Jorita,1,21
106,Jowana,1,22
107,Jyra,1,22
108,Keydi,1,22
109,Keyon,1,22
110,Kierstynn,1,22
111,Kynlea,1,23
112,Lakindra,1,23
113,Latonyia,1,23
114,Laurali,1,23
115,Letzy,1,23
116,Lurie,1,24
117,Luvern,1,24
118,Lyrah,1,24
119,Maclovia,1,24
120,Makaylen,1,24
121,Makinsley,1,25
122,Marg,1,25
123,Nancyjo,1,25
124,Neyah,1,25
125,Novice,1,25
126,Orpah,1,26
127,Palyn,1,26
128,Parul,1,26
129,Polette,1,26
130,Preslea,1,26
131,Prim,1,27
132,Rebacca,1,27
133,Renezmae,1,27
134,Rexanna,1,27
135,Rhemi,1,27
136,Rikita,1,28
137,Rokhaya,1,28
138,Rudean,1,28
139,Sarah-Jane,1,28
140,Savayah,1,28
141,Schelly,1,29
142,Shakoya,1,29
143,Shaliah,1,29
144,Shawntina,1,29
145,Sherissa,1,29
146,Starkisha,1,30
147,Stina,1,30
148,Sussan,1,30
149,Symphonie,1,30
150,Takeira,1,30
151,Takhia,1,31
152,Tarrie,1,31
153,Tejasvi,1,31
154,Terrace,1,31
155,Tilley,1,31
156,Timica,1,32
157,Titilayo,1,32
158,Violanda,1,32
159,Xiamara,1,32
160,Yazlynn,1,32
161,Yomaris,1,33
162,Aeon,0,33
163,Bexley,0,33
164,Careem,0,33
165,Carnelius,0,33
166,Cartel,0,34
167,Chasyn,0,34
168,Chaysen,0,34
169,Coleston,0,34
170,Daiki,0,34
171,Delquan,0,35
172,Dhanush,0,35
173,Dink,0,35
174,Domonik,0,35
175,Dorrien,0,35
176,Elber,0,36
177,Elena,0,36
178,Eliakim,0,36
179,Ferlando,0,36
180,Finneus,0,36
181,Jaman,0,37
182,Javani,0,37
183,Jebidiah,0,37
184,Jesua,0,37
185,Kaleth,0,37
186,Kamali,0,38
187,Karmine,0,38
188,Kasheem,0,38
189,Keawe,0,38
190,Khrystian,0,38
191,Koven,0,39
192,Latrail,0,39
193,Lemond,0,39
194,Marvon,0,39
195,Merland,0,39
196,Mihran,0,40
197,Montrelle,0,40
198,Moriah,0,40
199,Nayib,0,40
200,Negan,0,40
201,Nyal,0,41
202,Nyheem,0,41
203,Olman,0,41
204,Olof,0,41
205,Raevon,0,41
206,Semaje,0,42
207,Shayon,0,42
208,Shivaay,0,42
209,Shyler,0,42
210,Taevin,0,42
211,Taichi,0,43
212,Tavarion,0,43
213,Theoren,0,43
214,Travanti,0,43
215,Trevaris,0,43
216,Trindon,0,44
217,Tyvion,0,44
218,Venkat,0,44
219,Viyaan,0,44
220,Zebulan,0,44
221,Aala,1,45
222,Addalynne,1,45
223,Adreona,1,45
224,Aislee,1,45
225,Alejandria,1,45
226,Alexei,1,46
227,Alveria,1,46
228,Amayrany,1,46
229,Analysse,1,46
230,Anderia,1,46
231,Anira,1,47
232,Anna-Marie,1,47
233,Ardra,1,47
234,Ariannie,1,47
235,Arzu,1,47
236,Ashawna,1,48
237,Athalee,1,48
238,Audriella,1,48
239,Belina,1,48
240,Bethan,1,48
241,Caitland,1,49
242,Camera,1,49
243,Candiace,1,49
244,Carleena,1,49
245,Chandani,1,49
246,Chariah,1,50
247,Chloeann,1,50
248,Cullen,1,50
249,Daliya,1,50
250,Daneli,1,50
251,Danicia,1,51
252,Dymphna,1,51
253,Dynver,1,51
254,Elener,1,51
255,Elenie,1,51
256,Elleah,1,52
257,Ermalee,1,52
258,Evadna,1,52
259,Evanee,1,52
260,Fey,1,52
261,Gentri,1,53
262,Gowri,1,53
263,Gustie,1,53
264,Hanin,1,53
265,Haylyn,1,53
266,Herberta,1,54
267,Itzy,1,54
268,Jahleah,1,54
269,Jahnessa,1,54
270,Jahniah,1,54
271,Jametta,1,55
272,Jarielys,1,55
273,Jaycelynn,1,55
274,Jerita,1,55
275,Jimeka,1,55
276,Jimma,1,56
277,Joreen,1,56
278,Kafi,1,56
279,Karle,1,56
280,Katria,1,56
281,Kaylanni,1,57
282,Keitra,1,57
283,Kenidy,1,57
284,Keyle,1,57
285,Ki,1,57
286,Koralee,1,58
287,Lajeana,1,58
288,Lakesa,1,58
289,Lataja,1,58
290,Lemon,1,58
291,Leslieanne,1,59
292,Lorrinda,1,59
293,Lynnel,1,59
294,Mariabelen,1,59
295,Marsheila,1,59
296,Megham,1,60
297,Mekaela,1,60
298,Mekisha,1,60
299,Meyer,1,60
300,Miria,1,60
301,Myan,1,61
302,Naika,1,61
303,Nakshatra,1,61
304,Nerida,1,61
305,Nikitia,1,61
306,Nusaiba,1,62
307,Omeka,1,62
308,Paislei,1,62
309,Psalm,1,62
310,Rainn,1,62
311,Ranette,1,63
312,Rindi,1,63
313,Rosemae,1,63
314,Sangita,1,63
315,Shaneisha,1,63
316,Shannia,1,64
317,Sharilynn,1,64
318,Shastina,1,64
319,Shiniqua,1,64
320,Sopheap,1,64
321,Suan,1,65
322,Taydem,1,65
323,Tieisha,1,65
324,Tinita,1,65
325,Tomma,1,65
326,Totiana,1,66
327,Trachelle,1,66
328,Trenita,1,66
329,Ugochi,1,66
330,Valina,1,66
331,Wladyslawa,1,67
332,Zuley,1,67
333,Abdelaziz,0,67
334,Aneudy,0,67
335,Anubis,0,67
336,Apollos,0,68
337,Arihant,0,68
338,Aulton,0,68
339,Birdie,0,68
340,Braxson,0,68
341,Chaunce,0,69
342,Daison,0,69
343,Damarko,0,69
344,Darric,0,69
345,Deniel,0,69
346,Donney,0,70
347,Doye,0,70
348,Dreshon,0,70
349,Duwane,0,70
350,Dvontae,0,70
351,Elford,0,71
352,Fallou,0,71
353,Garhett,0,71
354,Greco,0,71
355,Inigo,0,71
356,Jahvier,0,72
357,Janelle,0,72
358,Jasher,0,72
359,Jasier,0,72
360,Jasmond,0,72
361,Jayvan,0,73
362,Jonathin,0,73
363,Jonavin,0,73
364,Kaylum,0,73
365,Kire,0,73
366,Kollen,0,74
367,Ladarrian,0,74
368,Lott,0,74
369,Mckinnon,0,74
370,Mitul,0,74
371,Mussa,0,75
372,Mycheal,0,75
373,Nikodem,0,75
374,Nolawi,0,75
375,Plez,0,75
376,Rohail,0,76
377,Saiquan,0,76
378,Sajad,0,76
379,Savva,0,76
380,Senai,0,76
381,Trinten,0,77
382,Valery,0,77
383,Wiatt,0,77
384,Adreena,1,77
385,Afsheen,1,77
386,Alithia,1,78
387,Aliviana,1,78
388,Alleta,1,78
389,Anureet,1,78
390,Avamae,1,78
391,Aviyanna,1,79
392,Azuree,1,79
393,Benisha,1,79
394,Bessye,1,79
395,Briseidy,1,79
396,Brisha,1,80
397,Britiney,1,80
398,Carriann,1,80
399,Ceniya,1,80
400,Chevi,1,80
401,Christyanna,1,81
402,Clotile,1,81
403,Daleiza,1,81
404,Darsi,1,81
405,Daziya,1,81
406,Destenee,1,82
407,Dnyla,1,82
408,Donnica,1,82
409,Dulcey,1,82
410,Earlisha,1,82
411,Eladia,1,83
412,Elody,1,83
413,Emonni,1,83
414,Ethne,1,83
415,Evona,1,83
416,Glennette,1,84
417,Glessie,1,84
418,Greidy,1,84
419,Haislee,1,84
420,Iviona,1,84
421,Japneet,1,85
422,Jaryah,1,85
423,Jehieli,1,85
424,Jerris,1,85
425,Jeslin,1,85
426,Jessikah,1,86
427,Kaicee,1,86
428,Kalayla,1,86
429,Kanetra,1,86
430,Keiarah,1,86
431,Keimora,1,87
432,Kellis,1,87
433,Keniesha,1,87
434,Kentley,1,87
435,Kyndahl,1,87
436,Kynzley,1,88
437,Labrittany,1,88
438,Lajoya,1,88
439,Lametria,1,88
440,Latera,1,88
441,Lexianna,1,89
442,Lunabelle,1,89
443,Malaijah,1,89
444,Marijah,1,89
445,Maxima,1,89
446,Meital,1,90
447,Mikaia,1,90
448,Natasa,1,90
449,Navada,1,90
450,Nesa,1,90
451,Quaniyah,1,91
452,Rafia,1,91
453,Rehmat,1,91
454,Santiago,1,91
455,Seleni,1,91
456,Shahla,1,92
457,Shandie,1,92
458,Soua,1,92
459,Suhailah,1,92
460,Syan,1,92
461,Taima,1,93
462,Talayia,1,93
463,Tijana,1,93
464,Tonyetta,1,93
465,Winefred,1,93
466,Yobana,1,94
467,Yurika,1,94
468,Zaiyah,1,94
469,Zani,1,94
470,Zyia,1,94
471,Zylee,1,95
472,Jas,0,95
473,Amillion,0,95
474,Asah,0,95
475,Atzin,0,95
476,Azarian,0,96
477,Bensyn,0,96
478,Bralynn,0,96
479,Brandol,0,96
480,Braxxton,0,96
481,Britney,0,97
482,Cem,0,97
483,Cervando,0,97
484,Cheron,0,97
485,Cortavius,0,97
486,Daden,0,98
487,Delmo,0,98
488,Destan,0,98
489,Emileo,0,98
490,Emilian,0,98
491,Erasmus,0,99
492,Etheridge,0,99
493,Issiac,0,99
494,Izen,0,99
495,Jahmire,0,99
496,Jakaree,0,100
497,Jamus,0,100
498,Jimel,0,100
499,Joseff,0,100
500,Katai,0,100
501,Keiandre,0,101
502,Ketih,0,101
503,Kiwan,0,101
504,Lemonte,0,101
505,Lynx,0,101
506,Maijor,0,102
507,Malcomb,0,102
508,Maxten,0,102
509,Mccabe,0,102
510,Mj,0,102
511,Myreon,0,103
512,Nichael,0,103
513,Orva,0,103
514,Osamah,0,103
515,Raedyn,0,103
516,Raynald,0,104
517,Seena,0,104
518,Shamere,0,104
519,Sylvestre,0,104
520,Todrick,0,104
521,Tyliek,0,105
522,Valeria,0,105
523,Yashas,0,105
524,Yazir,0,105
525,Zailyn,0,105
526,Agam,1,106
527,Alonni,1,106
528,Alonnie,1,106
529,Anyi,1,106
530,Arpi,1,106
531,Ashantae,1,107
532,Ayodele,1,107
533,Beola,1,107
534,Brentlee,1,107
535,Breshay,1,107
536,Bristyl,1,108
537,Cade,1,108
538,Cambrey,1,108
539,Cartina,1,108
540,Chattie,1,108
541,Chelisa,1,109
542,Dakiyah,1,109
543,Deletha,1,109
544,Deloyce,1,109
545,Deneane,1,109
546,Dimitri,1,110
547,Elianis,1,110
548,Etrulia,1,110
549,Gracieann,1,110
550,Harika,1,110
551,Hopie,1,111
552,Icelynn,1,111
553,Jaleisa,1,111
554,Jaline,1,111
555,Janit,1,111
556,Jaquilla,1,112
557,Jessilynn,1,112
558,Joleene,1,112
559,Judithe,1,112
560,Kaelea,1,112
561,Kare,1,113
562,Karinda,1,113
563,Keilynn,1,113
564,Kemara,1,113
565,Kyrene,1,113
566,Laelle,1,114
567,Lakera,1,114
568,Larrisha,1,114
569,Lianni,1,114
570,Lillan,1,114
571,Lillar,1,115
572,Lorann,1,115
573,Madolin,1,115
574,Makaelah,1,115
575,Malashia,1,115
576,Marcele,1,116
577,Margan,1,116
578,Meliana,1,116
579,Mirely,1,116
580,Mitsuye,1,116
581,Murdis,1,117
582,Preslyn,1,117
583,Qiara,1,117
584,Reizel,1,117
585,Ronin,1,117
586,Rotunda,1,118
587,Roxene,1,118
588,Russia,1,118
589,Sakira,1,118
590,Satrina,1,118
591,Schae,1,119
592,Shalicia,1,119
593,Sharyon,1,119
594,Shirle,1,119
595,Shriley,1,119
596,Sianne,1,120
597,Ski,1,120
598,Sukaina,1,120
599,Sybrina,1,120
600,Symphoni,1,120
601,Tahiri,1,121
602,Tarahji,1,121
603,Tayjah,1,121
604,Tierrah,1,121
605,Tniya,1,121
606,Trey,1,122
607,Vernesha,1,122
608,Yania,1,122
609,Yanis,1,122
610,Yaniyah,1,122
611,Yarithza,1,123
612,Yeng,1,123
613,Zaliah,1,123
614,Zyanne,1,123
615,Allenmichael,0,123
616,Ardit,0,124
617,Ariz,0,124
618,Asheton,0,124
619,Ashyr,0,124
620,Baley,0,124
621,Brandun,0,125
622,Byan,0,125
623,Caz,0,125
624,Damany,0,125
625,Damarie,0,125
626,Darrie,0,126
627,Delio,0,126
628,Dreydon,0,126
629,Edahi,0,126
630,Emaad,0,126
631,Fahed,0,127
632,Glenden,0,127
633,Goldman,0,127
634,Hafiz,0,127
635,Huan,0,127
636,Ison,0,128
637,Jader,0,128
638,Jaeshaun,0,128
639,Jasten,0,128
640,Jazmine,0,128
641,Jemuel,0,129
642,Jimmylee,0,129
643,Jomarion,0,129
644,Kahner,0,129
645,Kamarii,0,129
646,Karell,0,130
647,Khyrin,0,130
648,Kuper,0,130
649,Leonell,0,130
650,Limuel,0,130
651,Lorie,0,131
652,Macarius,0,131
653,Maddoxx,0,131
654,Maurie,0,131
655,Milferd,0,131
656,Mylen,0,132
657,Nathanyl,0,132
658,Obi,0,132
659,Oiva,0,132
660,Oryon,0,132
661,Osamu,0,133
662,Osric,0,133
663,Paddy,0,133
664,Pedrohenrique,0,133
665,Petr,0,133
666,Quamere,0,134
667,Rajinder,0,134
668,Ramces,0,134
669,Rhyatt,0,134
670,Roxy,0,134
671,Rykker,0,135
672,Sadik,0,135
673,Sahith,0,135
674,Salam,0,135
675,Savir,0,135
676,Sharbel,0,136
677,Somtochukwu,0,136
678,Tamario,0,136
679,Tatsuya,0,136
680,Terre,0,136
681,Trew,0,137
682,Wahid,0,137
683,Yedidya,0,137
684,Zong,0,137
685,Alayziah,1,137
686,Aleicia,1,138
687,Anadalay,1,138
688,Andrian,1,138
689,Andriea,1,138
690,Aniqua,1,138
691,Annye,1,139
692,Araly,1,139
693,Artrice,1,139
694,Aryahi,1,139
695,Avaleen,1,139
696,Berlie,1,140
697,Brittay,1,140
698,Candies,1,140
699,Cashlynn,1,140
700,Charnee,1,140
701,Chazlyn,1,141
702,Cova,1,141
703,Crescent,1,141
704,Darletta,1,141
705,Dayannara,1,141
706,Deliana,1,142
707,Dianely,1,142
708,Donja,1,142
709,Doralene,1,142
710,Elvi,1,142
711,Faline,1,143
712,Franchon,1,143
713,Gali,1,143
714,Guynell,1,143
715,Hani,1,143
716,Hansini,1,144
717,Heidemarie,1,144
718,Hesper,1,144
719,Holleigh,1,144
720,Ikesha,1,144
721,Iliza,1,145
722,Itzayanna,1,145
723,Ivanell,1,145
724,Jaleea,1,145
725,Jkayla,1,145
726,Jochebed,1,146
727,Jylian,1,146
728,Kaisy,1,146
729,Kenyia,1,146
730,Kimiye,1,146
731,Kiwanna,1,147
732,Krystena,1,147
733,Laconya,1,147
734,Laneah,1,147
735,Latese,1,147
736,Laurren,1,148
737,Lilliauna,1,148
738,Linlee,1,148
739,Lisvet,1,148
740,Lititia,1,148
741,Loranda,1,149
742,Lucilia,1,149
743,Ludia,1,149
744,Lynore,1,149
745,Maitri,1,149
746,Mardene,1,150
747,Marionette,1,150
748,Morayo,1,150
749,Naturi,1,150
750,Nayellie,1,150
751,Nevae,1,151
752,Neveyah,1,151
753,Nozomi,1,151
754,Quanta,1,151
755,Quintara,1,151
756,Rasa,1,152
757,Ryeleigh,1,152
758,Saje,1,152
759,Saleha,1,152
760,Samariya,1,152
761,Satsuki,1,153
762,Skya,1,153
763,Sundeep,1,153
764,Takyah,1,153
765,Telesa,1,153
766,Telesia,1,154
767,Thedora,1,154
768,Toneshia,1,154
769,Tramya,1,154
770,Tuere,1,154
771,Tynesia,1,155
772,Uchechi,1,155
773,Victorian,1,155
774,Wilfred,1,155
775,Yan,1,155
776,Yannis,1,156
777,Yesika,1,156
778,Yessika,1,156
779,Yuridiana,1,156
780,Zamani,1,156
781,Zelene,1,157
782,Zineb,1,157
783,Aja,0,157
784,Albi,0,157
785,Alcario,0,157
786,Almando,0,158
787,Angeldejesus,0,158
788,Arshawn,0,158
789,Augusten,0,158
790,Besnik,0,158
791,Clee,0,159
792,Dametri,0,159
793,Deiontae,0,159
794,Doryan,0,159
795,Drevin,0,159
796,Eaden,0,160
797,Elijahjames,0,160
798,Emric,0,160
799,Fedor,0,160
800,Ferguson,0,160
801,Gevin,0,161
802,Gorje,0,161
803,Guled,0,161
804,Hatem,0,161
805,Jakyri,0,161
806,Jaqwon,0,162
807,Jasmeet,0,162
808,Johnavon,0,162
809,Kashden,0,162
810,Kaylem,0,162
811,Kelten,0,163
812,Khori,0,163
813,Korde,0,163
814,Kymere,0,163
815,Laithan,0,163
816,Mclane,0,164
817,Miken,0,164
818,Mikias,0,164
819,Miliano,0,164
820,Nicoles,0,164
821,Saben,0,165
822,Shaft,0,165
823,Shameer,0,165
824,Shanna,0,165
825,Tamas,0,165
826,Travarius,0,166
827,Traye,0,166
828,Uno,0,166
829,Versie,0,166
830,Willys,0,166
831,Won,0,167
832,Yahmir,0,167
833,Adelei,1,167
834,Adiva,1,167
835,Ahilyn,1,167
836,Alaisa,1,168
837,Aleera,1,168
838,Allexa,1,168
839,Amadea,1,168
840,Amaka,1,168
841,Amarise,1,169
842,Amritha,1,169
843,Antanisha,1,169
844,Antonela,1,169
845,Apurva,1,169
846,Aquinnah,1,170
847,Ariyel,1,170
848,Ashyra,1,170
849,Azhar,1,170
850,Belanna,1,170
851,Birdena,1,171
852,Cariah,1,171
853,Dailin,1,171
854,Dakia,1,171
855,Dalyce,1,171
856,Debrina,1,172
857,Deina,1,172
858,Deveney,1,172
859,Edee,1,172
860,Fareeda,1,172
861,Genean,1,173
862,Ger,1,173
863,Grae,1,173
864,Ivoree,1,173
865,Jacayla,1,173
866,Jalyric,1,174
867,Janeese,1,174
868,Janin,1,174
869,Jaszmine,1,174
870,Jerald,1,174
871,Jhana,1,175
872,Jonella,1,175
873,Jozelynn,1,175
874,Kaelei,1,175
875,Kaho,1,175
876,Kaleeah,1,176
877,Kamilya,1,176
878,Kemia,1,176
879,Keondria,1,176
880,Keyira,1,176
881,Kimley,1,177
882,Kippy,1,177
883,Kiyo,1,177
884,Koriana,1,177
885,Lachrista,1,177
886,Lakeyta,1,178
887,Lareta,1,178
888,Laurrie,1,178
889,Layci,1,178
890,Leilanny,1,178
891,Leinani,1,179
892,Lekha,1,179
893,Len,1,179
894,Letina,1,179
895,Ludwika,1,179
896,Makaleigh,1,180
897,Makenly,1,180
898,Makeya,1,180
899,Marchele,1,180
900,Maritta,1,180
901,Melitza,1,181
902,Mercedies,1,181
903,Milcah,1,181
904,Musette,1,181
905,Myeasha,1,181
906,Mylynn,1,182
907,Navreet,1,182
908,Nianna,1,182
909,Nolyn,1,182
910,Orean,1,182
911,Pamlea,1,183
912,Parrie,1,183
913,Phynix,1,183
914,Prima,1,183
915,Quaniya,1,183
916,Randilyn,1,184
917,Reianna,1,184
918,Reveca,1,184
919,Rhealynn,1,184
920,Rhylei,1,184
921,Rosha,1,185
922,Safiyya,1,185
923,Salaya,1,185
924,Saraia,1,185
925,Savi,1,185
926,Sayana,1,186
927,Seville,1,186
928,Sharalee,1,186
929,Shavaun,1,186
930,Sheenah,1,186
931,Shervon,1,187
932,Skyanne,1,187
933,Sosie,1,187
934,Suvi,1,187
935,Symphanie,1,187
936,Taejah,1,188
937,Takina,1,188
938,Tiaria,1,188
939,Tonji,1,188
940,Vedanshi,1,188
941,Venesha,1,189
942,Vihana,1,189
943,Wanona,1,189
944,Yarlin,1,189
945,Yunique,1,189
946,Zaharah,1,190
947,Zorana,1,190
948,Add,0,190
949,Aijalon,0,190
950,Amardeep,0,190
951,Amery,0,191
952,Audi,0,191
953,Aviyon,0,191
954,Barnell,0,191
955,Blessed,0,191
956,Briyan,0,192
957,Charlis,0,192
958,Clinten,0,192
959,Criston,0,192
960,Dailey,0,192
961,Derrious,0,193
962,Devlon,0,193
963,Dionis,0,193
964,Dirck,0,193
965,Dontarious,0,193
966,Draydon,0,194
967,Dyshon,0,194
968,Endi,0,194
969,Flemon,0,194
970,Guage,0,194
971,Hannan,0,195
972,Ioane,0,195
973,Jacon,0,195
974,Jacquese,0,195
975,Jaecion,0,195
976,Joden,0,196
977,Kahil,0,196
978,Kenaz,0,196
979,Kha,0,196
980,Khizar,0,196
981,Kinser,0,197
982,Krosby,0,197
983,Laden,0,197
984,Lizzie,0,197
985,Lundon,0,197
986,Mak,0,198
987,Mani,0,198
988,Mareon,0,198
989,Mieczyslaw,0,198
990,Montford,0,198
991,Ojani,0,199
992,Olawale,0,199
993,Philopater,0,199
994,Radwan,0,199
995,Rodel,0,199
996,Rudransh,0,200
997,Samier,0,200
998,Savalas,0,200
999,Sender,0,200
1000,Shion,0,200
1001,Siddh,0,1001
